Year,PropWrkPkg,PropWrkChrgd,PropCashOut,PropOthChrgd,PkgCost
2005,1,0.015310764,0,0.065,3.3
2010,1,0.020310764,0.005,0.065,3.3
2035,1,0.2,0.005,0.2,3.3
2050,1,0.2,0.005,0.2,3.3
