Year,Income
2005,35617.15925
2010,35232.67138
2035,46236.03489
2050,52397.69937
