Value,PropVmt,Fwy,Art,Other
BusVmt,0,0,0.513632,0.486368
TruckVmt,0.0046,0,0.727492,0.272508
